#Chr	Start	End	Strand	Transcript ID	Gene ID	Transcript Biotype	Gene Biotype	3' UTR Length	APPRIS	Transcript ID Initial Version	Gene ID Initial Version	Overlapping Genes	Distance Hexamer Upstream (up to 40 bp)	Hexamer	polyA?	14 bp Downstream	Sequences	Distance to Gap	Distance to WGS	Distance to Transcript CDS End	Continuous RNA-Seq End	Distance to Continuous RNA-Seq End	Genes Extended Over	Distance Hexamer Upstream of RNA-Seq End (up to 40 bp)	RNA-Seq End Hexamer	RNA-Seq End polyA?	RNA-Seq End 14 bp Downstream
1	2287	4806	-1	ENSDART00000152494	ENSDARG00000096573	antisense	antisense	-	-	71	71	-	-	-	n	GTGAGATGTGAAGA	FP067451.6	-	-	-	2268	19	0	-	-	n	TAAACGATGATCGT
1	3800	15138	1	ENSDART00000109479	ENSDARG00000076045	protein_coding	protein_coding	1172	appris_pi1	54	54	-	23	AATAAA	n	AACTGAGAAATCAC	FP067451.6,FP017167.5	492916	493016	1518	15140	2	0	25	AATAAA	n	CTGAGAAATCACTC
1	3800	15148	1	ENSDART00000152276	ENSDARG00000076045	protein_coding	protein_coding	1528	appris_pi1	71	54	-	33	AATAAA	n	TCACTCATTCATTC	FP067451.6,FP017167.5	492906	493006	1528	15140	-8	0	25	AATAAA	n	CTGAGAAATCACTC
1	15962	21248	1	ENSDART00000013209	ENSDARG00000034862	protein_coding	protein_coding	491	appris_pi1	15	24	-	22	AATAAA	n	TATACGTCTGTGTG	FP017167.5	486806	486906	491	21246	-2	0	20	AATAAA	n	TCTATACGTCTGTG
1	23252	30081	1	ENSDART00000003463	ENSDARG00000075827	protein_coding	protein_coding	356	appris_pi1	15	54	-	17	AATAAA	n	TGTGTGTTTGTGTG	FP017167.5	477973	478073	356	30102	21	0	38	AATAAA	n	CATGTCTGCAGGGT
2	19233	21298	1	ENSDART00000124735	ENSDARG00000088389	protein_coding	protein_coding	-	appris_pi1	60	60	-	-	-	n	ACTCCTGACTGCTG	CABZ01092285.1	3014	0	0	21495	197	0	27	ATTAAA	n	TCGGTATGAGTGTT
2	23916	32332	-1	ENSDART00000123041	ENSDARG00000087773	protein_coding	protein_coding	-	appris_pi1	60	60	-	-	-	n	AACAAGTGTGTATC	CABZ01092288.1,CABZ01092287.1,CABZ01092286.1,CABZ01092285.1	5263	0	0	23884	32	0	35	AATAAA	n	CATTCATTCATTCA
2	50561	53808	-1	ENSDART00000066767	ENSDARG00000045403	protein_coding	protein_coding	430	appris_pi1	32	32	-	17	AATAAA	n	AATGATTTGAACTT	CABZ01090951.1	15374	0	430	50557	4	0	21	AATAAA	n	ATTTGAACTTTCCT
2	60855	62944	-1	ENSDART00000112030	ENSDARG00000078690	protein_coding	protein_coding	190	appris_pi1	54	54	-	19	AATAAA	n	ACACTGTGTGTGTG	CABZ01084950.1	217	0	190	60690	165	0	-	-	n	CGCTGCACTGGTCC
2	73298	80311	1	ENSDART00000127890	ENSDARG00000086333	protein_coding	protein_coding	-	appris_pi1	60	60	-	-	-	n	TGAACTGTTCTCCG	CABZ01084952.1	634	0	0	80392	81	0	9	CATAAA	n	TCTTATTGACCGTA
3	8312	11537	1	ENSDART00000111709	ENSDARG00000077528	protein_coding	protein_coding	-	appris_pi1	54	54	-	-	-	n	TGCTTTGTGCAGTT	CABZ01079251.1	10057	0	0	11753	216	0	9	AATAAA	n	GTTTTTAATTTTAT
3	13530	35053	-1	ENSDART00000109923	ENSDARG00000079990	protein_coding	protein_coding	742	appris_pi1	54	54	-	36	AATAAA	n	ATTCCCTGTTGTTG	CABZ01015475.1,CABZ01079251.1	8475	0	742	13542	-12	0	24	AATAAA	n	TGTGTTATTTTGAT
3	37999	46885	1	ENSDART00000127925	ENSDARG00000088993	protein_coding	protein_coding	-	appris_pi1	60	60	-	-	-	n	CGGCGGACACAAAT	CABZ01015475.1,CABZ01015476.1	1910	0	0	47683	798	0	5	CATAAA	n	TGCTATATATATAT
3	51295	72129	-1	ENSDART00000022967	ENSDARG00000021293	protein_coding	protein_coding	466	appris_pi1	15	15	-	21	ATTAAA	n	AAATGATTCATTTG	CABZ01015478.1,CABZ01015477.1	2401	0	466	50997	298	0	-	-	n	CTGGATAATGAAAT
3	83257	83889	1	ENSDART00000082229	ENSDARG00000059182	protein_coding	protein_coding	-	appris_pi1	39	39	-	-	-	n	GCGCAAAATACAGT	CABZ01015479.1	272	0	0	83889	0	0	-	-	-	-
4	16311	18281	1	ENSDART00000103659	ENSDARG00000070546	protein_coding	protein_coding	1309	appris_pi1	46	46	-	28	AATAAA	n	CTCATCTCTGGTCT	BX890562.8	533297	533397	1309	18282	1	0	29	AATAAA	n	TCATCTCTGGTCTA
4	18963	27357	1	ENSDART00000145428	ENSDARG00000045914	processed_transcript	protein_coding	-	-	61	32	-	-	-	n	CTACTCCTATGAGC	BX890562.8	524221	524321	-	30165	2808	0	-	-	n	ATAAGTTTGTGTAT
4	18977	25208	1	ENSDART00000131419	ENSDARG00000045914	protein_coding	protein_coding	240	appris_alt2	61	32	-	-	-	n	GTAGAATTATCATG	BX890562.8	526370	526470	240	30165	4957	0	-	-	n	ATAAGTTTGTGTAT
4	18982	28246	1	ENSDART00000067489	ENSDARG00000045914	protein_coding	protein_coding	1136	appris_pi5	32	32	-	12	TATAAA	n	CATGCTGTAATGTT	BX890562.8	523332	523432	1136	30165	1919	0	-	-	n	ATAAGTTTGTGTAT
4	35303	41023	-1	ENSDART00000067488	ENSDARG00000045913	protein_coding	protein_coding	157	appris_pi1	32	32	-	21	AATAAA	n	CGACGGTGTATTGC	BX890562.8	23584	23684	157	34910	393	0	29	CATAAA	n	AATTTAATCAATTA
5	81	299	1	ENSDART00000130040	ENSDARG00000087980	protein_coding	protein_coding	-	appris_pi1	60	60	-	-	-	n	ATATCTCAACATAC	CABZ01100973.1	2437	0	0	340	18	0	-	-	n	CTCAACATACTCTA
5	41024	98978	-1	ENSDART00000126752	ENSDARG00000090360	protein_coding	protein_coding	-	appris_pi1	60	60	-	-	-	n	CGTGAGCCTCAACA	CABZ01113608.1,CABZ01113609.1,CABZ01088908.1,CABZ01088907.1,CABZ01088906.1,CABZ01088905.1,CABZ01088904.1,CABZ01109661.1,CABZ01109660.1	104	0	0	40931	93	0	-	-	n	ACACTCTCAANNNN
5	146905	177780	1	ENSDART00000126636	ENSDARG00000089672	protein_coding	protein_coding	-	appris_pi1	60	60	-	-	-	n	GGTGAGAGAGAGAG	CABZ01114085.1,CABZ01114084.1,CABZ01114083.1,CABZ01114082.1,CABZ01114081.1	716	0	0	177780	0	0	-	-	-	-
5	191705	193982	-1	ENSDART00000038929	ENSDARG00000028415	protein_coding	protein_coding	806	appris_pi1	19	19	-	19	AATAAA	n	AATAATGATCGCAG	CABZ01078564.1	3713	0	1234	190824	881	0	-	-	n	ATACCGTAAATCAG
5	245831	249550	-1	ENSDART00000125956	ENSDARG00000028476	protein_coding	protein_coding	379	appris_pi1	60	19	-	20	ATTAAA	n	AGTGTGTGACGAGT	CABZ01078574.1	1589	0	493	244663	1168	0	-	-	n	AGGGCCGGTGTCAT
6	1	1755	-1	ENSDART00000131010	ENSDARG00000086706	protein_coding	protein_coding	-	appris_pi1	60	60	-	-	-	n	NNNNNNNNNNNNNN	CABZ01085587.1	-	-	0	1	0	0	-	-	-	-
6	2609	13949	1	ENSDART00000082954	ENSDARG00000059581	protein_coding	protein_coding	352	appris_pi1	41	41	-	25	AATAAA	n	ATTACAGTAATACT	CABZ01085587.1,CABZ01085588.1,CABZ01085589.1	1855	0	452	13512	-437	0	-	-	n	GTATTTCACTGATG
6	21967	23651	1	ENSDART00000082955	ENSDARG00000059582	protein_coding	protein_coding	296	appris_pi1	41	41	-	26	AATAAA	n	AATCAGTGGATTAT	CABZ01085591.1	13852	0	296	23705	54	0	-	-	n	CTTTGCTTCATTGA
6	25787	26795	1	ENSDART00000122957	ENSDARG00000008219	protein_coding	protein_coding	52	appris_pi1	60	15	-	19	ATTAAA	n	ACTTACTCTTGTTG	CABZ01085591.1	10708	0	52	27899	1104	0	-	-	n	TAAACACACTGTGT
6	38251	39612	1	ENSDART00000152066	ENSDARG00000026759	nonsense_mediated_decay	protein_coding	790	-	69	19	-	-	-	n	CCAATCACACACAC	CU693486.11	40255	40355	1314	38958	-654	0	34	ACTAAA	n	GCTGTGCACACCTG
7	100958	101715	1	ENSDART00000113409	ENSDARG00000076051	protein_coding	protein_coding	-	appris_pi1	54	54	-	-	-	n	GGTACGAAAACTCT	CABZ01062994.1	10703	0	0	101716	1	0	-	-	n	GTACGAAAACTCTT
7	116160	117573	1	ENSDART00000129330	ENSDARG00000088691	protein_coding	protein_coding	-	appris_pi1	60	60	-	-	-	n	TGAAATTGTATTAA	BX511027.20	193706	193806	0	119544	1971	0	10	AATAAA	n	GAATATAAACTGTT
7	117629	118868	-1	ENSDART00000152265	ENSDARG00000096571	protein_coding	protein_coding	44	appris_pi1	71	71	-	11	AATAAA	n	TAAACATTATCGGG	BX511027.20	5112	5212	44	117284	345	0	-	-	n	GGTTAGGGTCAGGG
7	446060	447794	-1	ENSDART00000129013	ENSDARG00000090143	protein_coding	protein_coding	-	appris_pi1	60	60	-	-	-	n	GCTGCATCCGCTAA	CABZ01074659.1	230	0	0	446060	0	0	-	-	-	-
7	473104	494031	-1	ENSDART00000131050	ENSDARG00000063606	protein_coding	protein_coding	-	appris_pi1	60	41	-	-	-	n	CGCCTTATTTAGCG	CABZ01104031.1,CABZ01105158.1	417	0	0	473104	0	0	-	-	-	-
8	6092	13736	-1	ENSDART00000111523	ENSDARG00000075623	protein_coding	protein_coding	-	appris_pi1	54	54	-	-	-	n	TGTAAGTGCTGAGC	CABZ01090061.1,CABZ01090060.1	1180	0	0	6092	0	0	-	-	-	-
8	28915	32152	1	ENSDART00000121454	ENSDARG00000090924	protein_coding	protein_coding	-	appris_pi1	60	60	-	-	-	n	CCAATTTATTAGTC	CABZ01084014.1,CABZ01084013.1	1204	0	0	32152	0	0	-	-	-	-
8	33457	35245	1	ENSDART00000127785	ENSDARG00000091708	protein_coding	protein_coding	-	appris_pi1	60	60	-	-	-	n	GTCTGACGTGTGTG	CABZ01084012.1	499	0	0	35245	0	0	-	-	-	-
8	36031	54069	1	ENSDART00000123333	ENSDARG00000089789	protein_coding	protein_coding	1712	appris_pi1	60	60	-	21	AATAAA	n	ATATGATGCTGTTC	CABZ01084011.1,CABZ01084010.1	11861	0	3160	54271	202	0	-	-	n	AGCGGCTTAAATCC
8	61446	83471	1	ENSDART00000112756	ENSDARG00000075823	protein_coding	protein_coding	-	appris_pi1	54	54	-	-	-	n	GCAATTAGCACTGC	CABZ01084010.1,CABZ01084009.1	4026	0	0	83471	0	0	-	-	-	-
9	3510	10611	-1	ENSDART00000122631	ENSDARG00000091109	protein_coding	protein_coding	-	appris_pi5	60	60	-	-	-	n	GCTCCAGAGTTAGC	CR753874.9,CABZ01067538.1	549	0	0	2962	548	0	-	-	n	NNNNNNNNNNNNNN
9	4732	10659	-1	ENSDART00000131604	ENSDARG00000091109	protein_coding	protein_coding	-	appris_alt2	61	60	-	-	-	n	GGTACACGGACACA	CR753874.9	124	224	0	4730	2	0	-	-	n	TACACGGACACAGA
9	14046	17143	1	ENSDART00000138813	ENSDARG00000076224	protein_coding	protein_coding	-	appris_alt2	61	54	-	-	-	n	GTTGTGTTCAGTGG	CR753874.9	276863	276963	0	17365	222	0	25	ATTAAA	n	GCTGAAGCTTTTAT
9	14253	23067	1	ENSDART00000111270	ENSDARG00000076224	protein_coding	protein_coding	-	-	54	54	-	-	-	n	ACAGGAGCAAACAC	CR753874.9	270939	271039	0	23126	59	0	-	-	n	AATGCTGACGATGT
9	19406	23000	1	ENSDART00000135270	ENSDARG00000076224	protein_coding	protein_coding	-	appris_pi5	61	54	-	7	AATGAA	n	TGGAGAAACGTCAG	CR753874.9	271006	271106	0	23126	126	0	-	-	n	AATGCTGACGATGT
10	42	1219	-1	ENSDART00000130716	ENSDARG00000091405	protein_coding	protein_coding	-	appris_pi1	60	60	-	-	-	n	CACAAACACACTCA	CABZ01115725.1	-	0	0	42	0	0	-	-	-	-
10	1939	19705	1	ENSDART00000126231	ENSDARG00000059110	protein_coding	protein_coding	1152	appris_pi1	60	39	ENSDARG00000085625	34	AATAAA	n	AACAGTGTCTGAAA	CABZ01049604.1,CABZ01049605.1	1688	0	1152	19707	2	0	36	AATAAA	n	CAGTGTCTGAAATT
10	3072	3187	1	ENSDART00000121025	ENSDARG00000085625	rRNA	rRNA	-	-	58	58	ENSDARG00000059110	-	-	n	GTGGTGTCAGTGAG	CABZ01049604.1	4715	0	-	3187	0	0	-	-	-	-
10	22949	29534	1	ENSDART00000033858	ENSDARG00000026797	protein_coding	protein_coding	-	appris_pi1	19	19	-	-	-	n	CGCCTCATCCCCAG	CABZ01049606.1,CABZ01049607.1	6575	0	0	29791	257	0	-	-	n	CAGTGCAGATTATT
10	31560	35379	1	ENSDART00000125761	ENSDARG00000088063	protein_coding	protein_coding	-	appris_pi1	60	60	-	-	-	n	TGTGTGTGTGTGTG	CABZ01049607.1	730	0	0	36105	726	0	-	-	n	TGTNNNNNNNNNNN
